DROP TABLE UZYTKOWNIK CASCADE CONSTRAINTS;
DROP TABLE MATERIAL CASCADE CONSTRAINTS;
DROP TABLE PYTANIA CASCADE CONSTRAINTS;
DROP TABLE RANKING CASCADE CONSTRAINTS;
DROP TABLE PRZEDMIOT CASCADE CONSTRAINTS;

CREATE TABLE Uzytkownik(
ID NUMBER(6) CONSTRAINT USER_PK PRIMARY KEY,
NAZWA VARCHAR2(30) NOT NULL UNIQUE,
HASLO VARCHAR2(30) NOT NULL,
MAIL VARCHAR2(30) NOT NULL
);
CREATE TABLE PRZEDMIOT(
ID NUMBER(6) CONSTRAINT PRZEDMIOT_PK PRIMARY KEY,
NAZWA VARCHAR2(30) NOT NULL,
RODZAJ VARCHAR2(30) NOT NULL
);
CREATE TABLE MATERIAL(
ID NUMBER(6) CONSTRAINT MATERIAL_PK PRIMARY KEY,
MATERIAL VARCHAR2(4000)NOT NULL,
PRZEDMIOT_ID NUMBER(6)NOT NULL,
CONSTRAINT MATERIAL_PRZEDMIOT_FK FOREIGN KEY(PRZEDMIOT_ID) REFERENCES PRZEDMIOT(ID)
);
CREATE TABLE PYTANIA(
ID NUMBER(6) CONSTRAINT PYTANIA_PK PRIMARY KEY,
TRESC VARCHAR2(200)NULL,
PRZEDMIOT_ID NUMBER(6)NOT NULL,
CONSTRAINT PYTANIA_PRZEDMIOT_FK FOREIGN KEY(PRZEDMIOT_ID) REFERENCES PRZEDMIOT(ID),
ODP_A VARCHAR2(30),
ODP_B VARCHAR2(30),
ODP_C VARCHAR2(30),
ODP_D VARCHAR2(30),
ODP_O VARCHAR2(200),
O_Z NUMBER(1),
POPR_Z NUMBER(2)
);
CREATE TABLE Ranking(
ID NUMBER(6) CONSTRAINT RANIKNG_PK PRIMARY KEY,
PRZEDMIOT_ID NUMBER(6) NOT NULL,
CONSTRAINT RANIKNG_PRZEDMIOT_FK FOREIGN KEY(PRZEDMIOT_ID) REFERENCES PRZEDMIOT(ID),
UZYTKOWNIK_ID NUMBER(6),
CONSTRAINT RANKING_UZYTKOWNIK_FK FOREIGN KEY(UZYTKOWNIK_ID) REFERENCES UZYTKOWNIK(ID),
PUNKTY NUMBER(6)NULL,
DATA DATE
);

Insert into Uzytkownik values (1,'admin','admin','wut');
Insert into Uzytkownik values (2,'a','ad','wut');
INSERT INTO PRZEDMIOT values (1,'SYSTEMY OPERACYJNE','WYKLAD');
INSERT INTO przedmiot values (2,'SYSTEMY INFORMACYJNE','LABORATORIUM');
INSERT INTO MATERIAL VALUES (1,'ASDFF',1);
INSERT INTO MATERIAL VALUES (2,'wraezcwetdzsvxatsdzfxcvzfdstedzxvdtsxcxdstrxcbgrwesfjck cgfdgkfsodazcmkxvj jbfgdnsfeadzlmcx mvbndsfplzxmc bnsfjedmzl;cxcv nkdghrsfejdml;zcx, vmfds',2);
INSERT INTO PYTANIA VALUES (1,'A1',1,'A1','B1','C1','D1','OTWARTE',1,1);
INSERT INTO PYTANIA VALUES (2,'A1',2,'A1','B1','C1','D1','OTWARTE',2,2);
INSERT INTO PYTANIA VALUES (3,'A2',1,'A2','B2','C2','D2','OTWARTE',1,1);
INSERT INTO PYTANIA VALUES (4,'A2',2,'A2','B2','C2','D2','OTWARTE',2,2);
INSERT INTO PYTANIA VALUES (5,'A3',1,'A3','B3','C3','D3','OTWARTE',1,1);
INSERT INTO PYTANIA VALUES (6,'A3',2,'A3','B3','C3','D3','OTWARTE',2,2);
INSERT INTO PYTANIA VALUES (7,'A4',1,'A4','B4','C4','D4','OTWARTE',1,1);
INSERT INTO PYTANIA VALUES (8,'A4',2,'A4','B4','C4','D4','OTWARTE',2,2);
INSERT INTO PYTANIA VALUES (9,'A5',1,'A5','B5','C5','D5','OTWARTE',1,1);
INSERT INTO PYTANIA VALUES (10,'A5',2,'A5','B5','C5','D5','OTWARTE',2,2);
INSERT INTO PYTANIA VALUES (11,'A6',1,'A6','B6','C6','D6','OTWARTE',1,1);
INSERT INTO PYTANIA VALUES (12,'A6',2,'A6','B6','C6','D6','OTWARTE',2,2);
INSERT INTO PYTANIA VALUES (13,'A7',1,'A7','B7','C7','D7','OTWARTE',1,1);
INSERT INTO PYTANIA VALUES (14,'A7',2,'A7','B7','C7','D7','OTWARTE',2,2);
INSERT INTO PYTANIA VALUES (15,'A8',1,'A8','B8','C8','D8','OTWARTE',1,1);
INSERT INTO PYTANIA VALUES (16,'A8',2,'A8','B8','C8','D8','OTWARTE',2,2);
INSERT INTO PYTANIA VALUES (17,'A9',1,'A9','B9','C9','D9','OTWARTE',1,1);
INSERT INTO PYTANIA VALUES (18,'A9',2,'A9','B9','C9','D9','OTWARTE',2,2);
INSERT INTO PYTANIA VALUES (19,'A10',1,'A10','B10','C10','D10','OTWARTE',1,1);
INSERT INTO PYTANIA VALUES (20,'A10',2,'A10','B10','C10','D10','OTWARTE',2,2);
INSERT INTO PYTANIA VALUES (21,'A11',1,'A11','B11','C11','D11','OTWARTE',1,1);
INSERT INTO PYTANIA VALUES (22,'A11',2,'A11','B11','C11','D11','OTWARTE',2,2);
INSERT INTO PYTANIA VALUES (23,'A12',1,'A12','B12','C12','D12','OTWARTE',1,1);
INSERT INTO PYTANIA VALUES (24,'A12',2,'A12','B12','C12','D12','OTWARTE',2,2);
INSERT INTO PYTANIA VALUES (25,'A13',1,'A13','B13','C13','D13','OTWARTE',1,1);
INSERT INTO PYTANIA VALUES (26,'A13',2,'A13','B13','C13','D13','OTWARTE',2,2);
INSERT INTO PYTANIA VALUES (27,'A14',1,'A14','B14','C14','D14','OTWARTE',1,1);
INSERT INTO PYTANIA VALUES (28,'A14',2,'A14','B14','C14','D14','OTWARTE',2,2);
INSERT INTO PYTANIA VALUES (29,'A15',1,'A15','B15','C15','D15','OTWARTE',1,1);
INSERT INTO PYTANIA VALUES (30,'A15',2,'A15','B15','C15','D15','OTWARTE',2,2);
INSERT INTO PYTANIA VALUES (31,'A16',1,'A16','B16','C16','D16','OTWARTE',1,1);
INSERT INTO PYTANIA VALUES (32,'A16',2,'A16','B16','C16','D16','OTWARTE',2,2);
INSERT INTO PYTANIA VALUES (33,'A17',1,'A17','B17','C17','D17','OTWARTE',1,1);
INSERT INTO PYTANIA VALUES (34,'A17',2,'A17','B17','C17','D17','OTWARTE',2,2);
INSERT INTO PYTANIA VALUES (35,'A18',1,'A18','B18','C18','D18','OTWARTE',1,1);
INSERT INTO PYTANIA VALUES (36,'A18',2,'A18','B18','C18','D18','OTWARTE',2,2);
INSERT INTO PYTANIA VALUES (37,'A19',1,'A19','B19','C19','D19','OTWARTE',1,1);
INSERT INTO PYTANIA VALUES (38,'A19',2,'A19','B19','C19','D19','OTWARTE',2,2);
INSERT INTO PYTANIA VALUES (39,'A20',1,'A20','B20','C20','D20','OTWARTE',1,1);
INSERT INTO PYTANIA VALUES (40,'A20',2,'A20','B20','C20','D20','OTWARTE',2,2);
INSERT INTO PYTANIA VALUES (41,'A21',1,'A21','B21','C21','D21','OTWARTE',1,1);
INSERT INTO PYTANIA VALUES (42,'A21',2,'A21','B21','C21','D21','OTWARTE',2,2);
INSERT INTO PYTANIA VALUES (43,'A22',1,'A22','B22','C22','D22','OTWARTE',1,1);
INSERT INTO PYTANIA VALUES (44,'A22',2,'A22','B22','C22','D22','OTWARTE',2,2);
INSERT INTO PYTANIA VALUES (45,'A23',1,'A23','B23','C23','D23','OTWARTE',1,1);
INSERT INTO PYTANIA VALUES (46,'A23',2,'A23','B23','C23','D23','OTWARTE',2,2);
INSERT INTO RANKING VALUES (1,1,1,20,TO_DATE('2012-06-05', 'YYYY-MM-DD'));